white vans,skinny jeans,blue shirt
blue vans,sweatpants,hoodie
flip flops,bootcut jeans,yellow shirt
cowboy boots,shorts,plaid flannel shirt
hiking boots,basketball shorts,white shirt
black vans,skinny jeans,red shirt
white vans,sweatpants,blue shirt
slippers,pajama pants,no shirt
blue vans,shorts,yellow shirt
flip flops,skinny jeans,purple shirt
white vans,bootcut jeans,plaid flannel shirt
blue vans,shorts,white shirt
flip flops,basketball shorts,red shirt
cowboy boots,skinny jeans,blue shirt
hiking boots,sweatpants,no shirt
black vans,pajama pants,yellow shirt
white vans,shorts,purple shirt
slippers,skinny jeans,hoodie
blue vans,shorts,white shirt
flip flops,sweatpants,blue shirt
